pattern,paper
\bmint\b|\blivemint\b,Mint
\bbs\b|\bbusiness standard\b,Business Standard
\bet\b|\beconomic times\b,The Economic Times
\bfe\b|\bfinancial express\b,The Financial Express
\bht\b|\bhindustan times\b,Hindustan Times
\btoi\b|\btimes of india\b,The Times of India
\bth\b|\bthe hindu\b,The Hindu
\bie\b|\bindian express\b,The Indian Express
\bwall street journal\b|\bwsj\b,The Wall Street Journal
\bwashington post\b|\bwapo\b,The Washington Post
\bnew york times\b|\bnyt\b,The New York Times
\bfinancial times\b|\bft\b,Financial Times
\bboston globe\b,The Boston Globe
\bchicago tribune\b,Chicago Tribune
\btt\b|\btribune\b,The Tribune
\bla times\b|\blos angeles times\b,Los Angeles Times
\bnew york post\b|\bny post\b,New York Post
\bmirror\b,Mumbai Mirror
\bstatesman\b,The Statesman
\busa today\b,USA Today
\bnew scientist\b,New Scientist
