date,status,papers,regulars_missing,unknown_files
2026-09-03,partial,Hindustan Times; Mint; The Boston Globe; The Economic Times; The Financial Express; The Hindu; The Times of India; The Wall Street Journal; The Washington Post,Business Standard,
2026-09-04,partial,Business Standard; Hindustan Times; Mint; The Economic Times; The Financial Express; The Hindu; The Times of India; The Wall Street Journal; The Washington Post,The Boston Globe,
2026-09-05,full,Business Standard; Hindustan Times; Mint; The Boston Globe; The Economic Times; The Financial Express; The Times of India; The Wall Street Journal; The Washington Post,,
2026-09-06,partial,Hindustan Times; The Boston Globe; The Economic Times; The Financial Express,Business Standard; Mint; The Times of India; The Wall Street Journal; The Washington Post,
2026-09-07,partial,Business Standard; Mint; The Boston Globe; The Financial Express; The Times of India; The Washington Post,Hindustan Times; The Economic Times; The Wall Street Journal,
2026-09-08,partial,The Wall Street Journal; The Washington Post,Business Standard; Hindustan Times; Mint; The Boston Globe; The Economic Times; The Financial Express; The Times of India,
2026-09-09,partial,Business Standard; Hindustan Times; Mint; The Economic Times; The Financial Express; The Hindu; The Times of India; The Wall Street Journal,The Boston Globe; The Washington Post,
2026-09-10,partial,Business Standard; Mint; The Boston Globe; The Economic Times; The Financial Express; The Washington Post,Hindustan Times; The Times of India; The Wall Street Journal,
2026-09-11,none,,Business Standard; Hindustan Times; Mint; The Boston Globe; The Economic Times; The Financial Express; The Times of India; The Wall Street Journal; The Washington Post,
2026-09-12,none,,Business Standard; Hindustan Times; Mint; The Boston Globe; The Economic Times; The Financial Express; The Times of India; The Wall Street Journal; The Washington Post,
2026-09-13,partial,Hindustan Times; The Boston Globe; The Economic Times; The Financial Express; The Times of India; The Washington Post,Business Standard; Mint; The Wall Street Journal,
2026-09-14,partial,Business Standard; Hindustan Times; Mint; The Boston Globe; The Economic Times; The Financial Express; The Hindu; The Wall Street Journal; The Washington Post,The Times of India,
2026-09-15,partial,Business Standard; Hindustan Times; Mint; The Boston Globe; The Economic Times; The Financial Express; The Wall Street Journal; The Washington Post,The Times of India,
2026-09-16,partial,Hindustan Times; Mint; The Hindu; The Times of India,Business Standard; The Boston Globe; The Economic Times; The Financial Express; The Wall Street Journal; The Washington Post,
2026-09-17,partial,Business Standard; Hindustan Times; Mint; The Boston Globe; The Financial Express; The Hindu; The Wall Street Journal; The Washington Post,The Economic Times; The Times of India,TT ● Delhi ● 17‹09‹2026 Tr_●.pdf
2026-09-18,partial,Business Standard; Hindustan Times; Mint; The Economic Times; The Financial Express; The Hindu; The Times of India; The Wall Street Journal; The Washington Post,The Boston Globe,
2026-09-19,partial,New Scientist,Business Standard; Hindustan Times; Mint; The Boston Globe; The Economic Times; The Financial Express; The Times of India; The Wall Street Journal; The Washington Post,
2026-09-20,partial,The Boston Globe; The Washington Post,Business Standard; Hindustan Times; Mint; The Economic Times; The Financial Express; The Times of India; The Wall Street Journal,
2026-09-21,partial,Business Standard; Hindustan Times; Mint; The Boston Globe; The Economic Times; The Financial Express; The Hindu; The Times of India; The Washington Post,The Wall Street Journal,THS- Delhi 21-09.pdf
2026-09-22,full,Business Standard; Hindustan Times; Mint; The Boston Globe; The Economic Times; The Financial Express; The Times of India; The Wall Street Journal; The Washington Post,,
2026-09-23,partial,Business Standard; Hindustan Times; Mint; The Boston Globe; The Economic Times; The Financial Express; The Hindu; The Indian Express; The Wall Street Journal; The Washington Post,The Times of India,
2026-09-24,none,,Business Standard; Hindustan Times; Mint; The Boston Globe; The Economic Times; The Financial Express; The Times of India; The Wall Street Journal; The Washington Post,
2026-09-25,none,,Business Standard; Hindustan Times; Mint; The Boston Globe; The Economic Times; The Financial Express; The Times of India; The Wall Street Journal; The Washington Post,
2026-09-26,none,,Business Standard; Hindustan Times; Mint; The Boston Globe; The Economic Times; The Financial Express; The Times of India; The Wall Street Journal; The Washington Post,
2026-09-27,none,,Business Standard; Hindustan Times; Mint; The Boston Globe; The Economic Times; The Financial Express; The Times of India; The Wall Street Journal; The Washington Post,
2026-09-28,none,,Business Standard; Hindustan Times; Mint; The Boston Globe; The Economic Times; The Financial Express; The Times of India; The Wall Street Journal; The Washington Post,
2026-09-29,partial,Business Standard,Hindustan Times; Mint; The Boston Globe; The Economic Times; The Financial Express; The Times of India; The Wall Street Journal; The Washington Post,
2026-09-30,partial,Hindustan Times; Mint; The Boston Globe; The Financial Express; The Hindu; The Indian Express; The Times of India; The Wall Street Journal; The Washington Post,Business Standard; The Economic Times,TT ● Delhi ● 30‹09‹2026 Tr_●.pdf
2026-10-01,full,Business Standard; Hindustan Times; Mint; The Boston Globe; The Economic Times; The Financial Express; The Hindu; The Indian Express; The Times of India; The Wall Street Journal; The Washington Post,,
2026-10-02,partial,Business Standard; Chicago Tribune; Hindustan Times; Mint; The Boston Globe; The Economic Times; The Times of India; The Wall Street Journal; The Washington Post,The Financial Express,"LA Times_0210.pdf; Mirror ● Mumbai ● 02‹10‹2026 Tr.pdf; New York Post - October 2, 2026.pdf; Statesman - Mumbai - 02-10-2026 Tr.pdf; TT ● The Tribune ● 02‹10‹2026.pdf; The_Case_of_the_Missing_Culprit.pdf"
